N_v832_manual,N,description
4270,0,Node Not in v9
4276,0,Node Not in v9
4452,0,Node Not in v9
4567,0,Node Not in v9
5231,0,Node Not in v9
5463,0,Node Not in v9
5794,0,Node Not in v9
5799,0,Node Not in v9
5955,0,Node Not in v9
5963,0,Node Not in v9
6073,0,Node Not in v9
6074,0,Node Not in v9
6130,0,Node Not in v9
6201,0,Node Not in v9
6588,0,Node Not in v9
6611,0,Node Not in v9
6763,0,Node Not in v9
6866,0,Node Not in v9
6894,0,Node Not in v9
7010,0,Node Not in v9
7031,0,Node Not in v9
7111,0,Node Not in v9
7135,0,Node Not in v9
7137,0,Node Not in v9
7354,0,Node Not in v9
7458,0,Node Not in v9
7459,0,Node Not in v9
7466,0,Node Not in v9
7600,0,Node Not in v9
7608,0,Node Not in v9
7891,0,Node Not in v9
7904,0,Node Not in v9
8011,0,Node Not in v9
8088,0,Node Not in v9
8203,0,Node Not in v9
8224,0,Node Not in v9
8286,0,Node Not in v9
8311,0,Node Not in v9
8632,0,Node Not in v9
8843,0,Node Not in v9
8876,0,Node Not in v9
9010,0,Node Not in v9
9279,0,Node Not in v9
9523,0,Node Not in v9
9524,0,Node Not in v9
9525,0,Node Not in v9
9526,0,Node Not in v9
9527,0,Node Not in v9
9608,0,Node Not in v9
9670,0,Node Not in v9
10992,0,Node Not in v9
11057,0,Node Not in v9
11289,0,Node Not in v9
11727,0,Node Not in v9
12033,0,Node Not in v9
12156,0,Node Not in v9
12257,0,Node Not in v9
13114,0,Node Not in v9
13157,0,Node Not in v9
20148,0,Node Not in v9
20465,0,Node Not in v9
20941,0,Node Not in v9
21856,0,Node Not in v9
22322,0,Node Not in v9
22442,0,Node Not in v9
23745,0,Node Not in v9
25158,0,Node Not in v9
26037,0,Node Not in v9
26711,0,Node Not in v9
26774,0,Node Not in v9
26775,0,Node Not in v9
30308,0,Node Not in v9
30834,0,Node Not in v9
30847,0,Node Not in v9
30874,0,Node Not in v9
30975,0,Node Not in v9
31670,0,Node Not in v9
